scenarioNum,condition,panel1,panel2,panel3,panel4,InfoQ,InfoOptA,InfoOptB,InfoAnswer,BiasQ,BiasOptA,BiasOptB,BiasAnswer,AuthQ,AuthOptA,AuthOptB,AuthAnswer,auth,bias,identitySP,identityAD,proposition,targetWord,focusParticle,QUD,authorityCondition,prevBeliefSP,prevBeliefAD,scenarioNumOLD
1,a,target-01-melons-a-AD-pos-1,target-01-melons-a-AD-pos-2,target-01-melons-a-AD-pos-3,target-01-melons-a-AD-pos-4,InfoQ,InfoOptA,InfoOptB,InfoAnswer,BiasQ,BiasOptA,BiasOptB,BiasAnswer,AuthQ,AuthOptA,AuthOptB,AuthAnswer,AD,pos,dog owner,vet,even melons are edible for a dalmatian,melons,even,what sorts of fruits are safe for dogs to eat?,AD > SP,p,positive,1
1,b,target-01-melons-b-AD-neg-1,target-01-melons-b-AD-neg-2,target-01-melons-b-AD-neg-3,target-01-melons-b-AD-neg-4,InfoQ,InfoOptA,InfoOptB,InfoAnswer,BiasQ,BiasOptA,BiasOptB,BiasAnswer,AuthQ,AuthOptA,AuthOptB,AuthAnswer,AD,neg,dog owner,vet,even melons are edible for a dalmatian,melons,even,what sorts of fruits are safe for dogs to eat?,AD > SP,¬p,positive,1
1,c,target-01-melons-c-SP-pos-1,target-01-melons-c-SP-pos-2,target-01-melons-c-SP-pos-3,target-01-melons-c-SP-pos-4,InfoQ,InfoOptA,InfoOptB,InfoAnswer,BiasQ,BiasOptA,BiasOptB,BiasAnswer,AuthQ,AuthOptA,AuthOptB,AuthAnswer,SP,pos,vet,dog owner,even melons are edible for a dalmatian,melons,even,what sorts of fruits are safe for dogs to eat?,SP > AD,p,neutral,1
1,d,target-01-melons-d-SP-neg-1,target-01-melons-d-SP-neg-2,target-01-melons-d-SP-neg-3,target-01-melons-d-SP-neg-4,InfoQ,InfoOptA,InfoOptB,InfoAnswer,BiasQ,BiasOptA,BiasOptB,BiasAnswer,AuthQ,AuthOptA,AuthOptB,AuthAnswer,SP,neg,vet,dog owner,even melons are edible for a dalmatian,melons,even,what sorts of fruits are safe for dogs to eat?,SP > AD,¬p,neutral,1
2,a,target-02-alligator-a-AD-pos-1,target-02-alligator-a-AD-pos-2,target-02-alligator-a-AD-pos-3,target-02-alligator-a-AD-pos-4,InfoQ,InfoOptA,InfoOptB,InfoAnswer,BiasQ,BiasOptA,BiasOptB,BiasAnswer,AuthQ,AuthOptA,AuthOptB,AuthAnswer,AD,pos,visitor,zoo worker,there’s only an alligator in there,alligator,only,are both a hippo and an alligator in the enclosure?,AD > SP,p,positive,3
2,b,target-02-alligator-b-AD-neg-1,target-02-alligator-b-AD-neg-2,target-02-alligator-b-AD-neg-3,target-02-alligator-b-AD-neg-4,InfoQ,InfoOptA,InfoOptB,InfoAnswer,BiasQ,BiasOptA,BiasOptB,BiasAnswer,AuthQ,AuthOptA,AuthOptB,AuthAnswer,AD,neg,visitor,zoo worker,there’s only an alligator in there,alligator,only,are both a hippo and an alligator in the enclosure?,AD > SP,¬p,positive,3
2,c,target-02-alligator-c-SP-pos-1,target-02-alligator-c-SP-pos-2,target-02-alligator-c-SP-pos-3,target-02-alligator-c-SP-pos-4,InfoQ,InfoOptA,InfoOptB,InfoAnswer,BiasQ,BiasOptA,BiasOptB,BiasAnswer,AuthQ,AuthOptA,AuthOptB,AuthAnswer,SP,pos,zoo worker,visitor,there’s only an alligator in there,alligator,only,are both a hippo and an alligator in the enclosure?,SP > AD,p,neutral,3
2,d,target-02-alligator-d-SP-neg-1,target-02-alligator-d-SP-neg-2,target-02-alligator-d-SP-neg-3,target-02-alligator-d-SP-neg-4,InfoQ,InfoOptA,InfoOptB,InfoAnswer,BiasQ,BiasOptA,BiasOptB,BiasAnswer,AuthQ,AuthOptA,AuthOptB,AuthAnswer,SP,neg,zoo worker,visitor,there’s only an alligator in there,alligator,only,are both a hippo and an alligator in the enclosure?,SP > AD,¬p,neutral,3
3,a,target-03-meeting-a-AD-pos-1,target-03-meeting-a-AD-pos-2,target-03-meeting-a-AD-pos-3,target-03-meeting-a-AD-pos-4,InfoQ,InfoOptA,InfoOptB,InfoAnswer,BiasQ,BiasOptA,BiasOptB,BiasAnswer,AuthQ,AuthOptA,AuthOptB,AuthAnswer,AD,pos,person on the left,Leena’s assistant (behind the desk),she only has a meeting today,meeting,only,does Leena have a board presentation today?,AD > SP,p,positive,4
3,b,target-03-meeting-b-AD-neg-1,target-03-meeting-b-AD-neg-2,target-03-meeting-b-AD-neg-3,target-03-meeting-b-AD-neg-4,InfoQ,InfoOptA,InfoOptB,InfoAnswer,BiasQ,BiasOptA,BiasOptB,BiasAnswer,AuthQ,AuthOptA,AuthOptB,AuthAnswer,AD,neg,person on the left,Leena’s assistant (behind the desk),she only has a meeting today,meeting,only,does Leena have a board presentation today?,AD > SP,¬p,positive,4
3,c,target-03-meeting-c-SP-pos-1,target-03-meeting-c-SP-pos-2,target-03-meeting-c-SP-pos-3,target-03-meeting-c-SP-pos-4,InfoQ,InfoOptA,InfoOptB,InfoAnswer,BiasQ,BiasOptA,BiasOptB,BiasAnswer,AuthQ,AuthOptA,AuthOptB,AuthAnswer,SP,pos,Leena’s assistant (behind the desk),person on the left,she only has a meeting today,meeting,only,does Leena have a board presentation today?,SP > AD,p,positive,4
3,d,target-03-meeting-d-SP-neg-1,target-03-meeting-d-SP-neg-2,target-03-meeting-d-SP-neg-3,target-03-meeting-d-SP-neg-4,InfoQ,InfoOptA,InfoOptB,InfoAnswer,BiasQ,BiasOptA,BiasOptB,BiasAnswer,AuthQ,AuthOptA,AuthOptB,AuthAnswer,SP,neg,Leena’s assistant (behind the desk),person on the left,she only has a meeting today,meeting,only,does Leena have a board presentation today?,SP > AD,¬p,positive,4
4,a,target-04-molar-a-AD-pos-1,target-04-molar-a-AD-pos-2,target-04-molar-a-AD-pos-3,target-04-molar-a-AD-pos-4,InfoQ,InfoOptA,InfoOptB,InfoAnswer,BiasQ,BiasOptA,BiasOptB,BiasAnswer,AuthQ,AuthOptA,AuthOptB,AuthAnswer,AD,pos,patient,dentist,they’re only in the molar area,molar,only,where do I have gum problems?,AD > SP,p,neutral→positive,5
4,b,target-04-molar-b-AD-neg-1,target-04-molar-b-AD-neg-2,target-04-molar-b-AD-neg-3,target-04-molar-b-AD-neg-4,InfoQ,InfoOptA,InfoOptB,InfoAnswer,BiasQ,BiasOptA,BiasOptB,BiasAnswer,AuthQ,AuthOptA,AuthOptB,AuthAnswer,AD,neg,patient,dentist,they’re only in the molar area,molar,only,where do I have gum problems?,AD > SP,¬p,neutral→positive,5
4,c,target-04-molar-c-SP-pos-1,target-04-molar-c-SP-pos-2,target-04-molar-c-SP-pos-3,target-04-molar-c-SP-pos-4,InfoQ,InfoOptA,InfoOptB,InfoAnswer,BiasQ,BiasOptA,BiasOptB,BiasAnswer,AuthQ,AuthOptA,AuthOptB,AuthAnswer,SP,pos,dentist,patient,they’re only in the molar area,molar,only,where do I have gum problems?,SP > AD,p,neutral→positive,5
4,d,target-04-molar-d-SP-neg-1,target-04-molar-d-SP-neg-2,target-04-molar-d-SP-neg-3,target-04-molar-d-SP-neg-4,InfoQ,InfoOptA,InfoOptB,InfoAnswer,BiasQ,BiasOptA,BiasOptB,BiasAnswer,AuthQ,AuthOptA,AuthOptB,AuthAnswer,SP,neg,dentist,patient,they’re only in the molar area,molar,only,where do I have gum problems?,SP > AD,¬p,neutral→positive,5
5,a,target-05-ninety-a-AD-pos-1,target-05-ninety-a-AD-pos-2,target-05-ninety-a-AD-pos-3,target-05-ninety-a-AD-pos-4,InfoQ,InfoOptA,InfoOptB,InfoAnswer,BiasQ,BiasOptA,BiasOptB,BiasAnswer,AuthQ,AuthOptA,AuthOptB,AuthAnswer,AD,pos,person on the right,friend pointing at candles (on the left),she’s only ninety years old today,ninety,only,how old is Noelle?,AD > SP,p,positive,6
5,b,target-05-ninety-b-AD-neg-1,target-05-ninety-b-AD-neg-2,target-05-ninety-b-AD-neg-3,target-05-ninety-b-AD-neg-4,InfoQ,InfoOptA,InfoOptB,InfoAnswer,BiasQ,BiasOptA,BiasOptB,BiasAnswer,AuthQ,AuthOptA,AuthOptB,AuthAnswer,AD,neg,person on the right,friend pointing at candles (on the left),she’s only ninety years old today,ninety,only,how old is Noelle?,AD > SP,¬p,positive,6
5,c,target-05-ninety-c-SP-pos-1,target-05-ninety-c-SP-pos-2,target-05-ninety-c-SP-pos-3,target-05-ninety-c-SP-pos-4,InfoQ,InfoOptA,InfoOptB,InfoAnswer,BiasQ,BiasOptA,BiasOptB,BiasAnswer,AuthQ,AuthOptA,AuthOptB,AuthAnswer,SP,pos,friend pointing at candles (on the left),person on the right,she’s only ninety years old today,ninety,only,how old is Noelle?,SP > AD,p,neutral,6
5,d,target-05-ninety-d-SP-neg-1,target-05-ninety-d-SP-neg-2,target-05-ninety-d-SP-neg-3,target-05-ninety-d-SP-neg-4,InfoQ,InfoOptA,InfoOptB,InfoAnswer,BiasQ,BiasOptA,BiasOptB,BiasAnswer,AuthQ,AuthOptA,AuthOptB,AuthAnswer,SP,neg,friend pointing at candles (on the left),person on the right,she’s only ninety years old today,ninety,only,how old is Noelle?,SP > AD,¬p,neutral,6
6,a,target-06-lemon-a-AD-pos-1,target-06-lemon-a-AD-pos-2,target-06-lemon-a-AD-pos-3,target-06-lemon-a-AD-pos-4,InfoQ,InfoOptA,InfoOptB,InfoAnswer,BiasQ,BiasOptA,BiasOptB,BiasAnswer,AuthQ,AuthOptA,AuthOptB,AuthAnswer,AD,pos,person on the right,gardener,only the lemon needs watering,lemon,only,how often do I water my apple and lemon trees?,AD > SP,p,neutral,7
6,b,target-06-lemon-b-AD-neg-1,target-06-lemon-b-AD-neg-2,target-06-lemon-b-AD-neg-3,target-06-lemon-b-AD-neg-4,InfoQ,InfoOptA,InfoOptB,InfoAnswer,BiasQ,BiasOptA,BiasOptB,BiasAnswer,AuthQ,AuthOptA,AuthOptB,AuthAnswer,AD,neg,person on the right,gardener,only the lemon needs watering,lemon,only,how often do I water my apple and lemon trees?,AD > SP,¬p,neutral,7
6,c,target-06-lemon-c-SP-pos-1,target-06-lemon-c-SP-pos-2,target-06-lemon-c-SP-pos-3,target-06-lemon-c-SP-pos-4,InfoQ,InfoOptA,InfoOptB,InfoAnswer,BiasQ,BiasOptA,BiasOptB,BiasAnswer,AuthQ,AuthOptA,AuthOptB,AuthAnswer,SP,pos,gardener,person on the right,only the lemon needs watering,lemon,only,how often do I water my apple and lemon trees?,SP > AD,p,neutral,7
6,d,target-06-lemon-d-SP-neg-1,target-06-lemon-d-SP-neg-2,target-06-lemon-d-SP-neg-3,target-06-lemon-d-SP-neg-4,InfoQ,InfoOptA,InfoOptB,InfoAnswer,BiasQ,BiasOptA,BiasOptB,BiasAnswer,AuthQ,AuthOptA,AuthOptB,AuthAnswer,SP,neg,gardener,person on the right,only the lemon needs watering,lemon,only,how often do I water my apple and lemon trees?,SP > AD,¬p,neutral,7
7,a,target-07-monet-a-AD-pos-1,target-07-monet-a-AD-pos-2,target-07-monet-a-AD-pos-3,target-07-monet-a-AD-pos-4,InfoQ,InfoOptA,InfoOptB,InfoAnswer,BiasQ,BiasOptA,BiasOptB,BiasAnswer,AuthQ,AuthOptA,AuthOptB,AuthAnswer,AD,pos,person on the right,docent / gallery owner (in suit),only Monet used them,monet,only,who used colors like these?,AD > SP,p,neutral,8
7,b,target-07-monet-b-AD-neg-1,target-07-monet-b-AD-neg-2,target-07-monet-b-AD-neg-3,target-07-monet-b-AD-neg-4,InfoQ,InfoOptA,InfoOptB,InfoAnswer,BiasQ,BiasOptA,BiasOptB,BiasAnswer,AuthQ,AuthOptA,AuthOptB,AuthAnswer,AD,neg,person on the right,docent / gallery owner (in suit),only Monet used them,monet,only,who used colors like these?,AD > SP,¬p,neutral,8
7,c,target-07-monet-c-SP-pos-1,target-07-monet-c-SP-pos-2,target-07-monet-c-SP-pos-3,target-07-monet-c-SP-pos-4,InfoQ,InfoOptA,InfoOptB,InfoAnswer,BiasQ,BiasOptA,BiasOptB,BiasAnswer,AuthQ,AuthOptA,AuthOptB,AuthAnswer,SP,pos,docent / gallery owner (in suit),person on the right,only Monet used them,monet,only,who used colors like these?,SP > AD,p,neutral,8
7,d,target-07-monet-d-SP-neg-1,target-07-monet-d-SP-neg-2,target-07-monet-d-SP-neg-3,target-07-monet-d-SP-neg-4,InfoQ,InfoOptA,InfoOptB,InfoAnswer,BiasQ,BiasOptA,BiasOptB,BiasAnswer,AuthQ,AuthOptA,AuthOptB,AuthAnswer,SP,neg,docent / gallery owner (in suit),person on the right,only Monet used them,monet,only,who used colors like these?,SP > AD,¬p,neutral,8
8,a,target-08-madison-a-AD-pos-1,target-08-madison-a-AD-pos-2,target-08-madison-a-AD-pos-3,target-08-madison-a-AD-pos-4,InfoQ,InfoOptA,InfoOptB,InfoAnswer,BiasQ,BiasOptA,BiasOptB,BiasAnswer,AuthQ,AuthOptA,AuthOptB,AuthAnswer,AD,pos,shopper,cheese shop owner,it’s only from Madison,madison,only,where is this cheese from?,AD > SP,p,positive,9
8,b,target-08-madison-b-AD-neg-1,target-08-madison-b-AD-neg-2,target-08-madison-b-AD-neg-3,target-08-madison-b-AD-neg-4,InfoQ,InfoOptA,InfoOptB,InfoAnswer,BiasQ,BiasOptA,BiasOptB,BiasAnswer,AuthQ,AuthOptA,AuthOptB,AuthAnswer,AD,neg,shopper,cheese shop owner,it’s only from Madison,madison,only,where is this cheese from?,AD > SP,¬p,positive,9
8,c,target-08-madison-c-SP-pos-1,target-08-madison-c-SP-pos-2,target-08-madison-c-SP-pos-3,target-08-madison-c-SP-pos-4,InfoQ,InfoOptA,InfoOptB,InfoAnswer,BiasQ,BiasOptA,BiasOptB,BiasAnswer,AuthQ,AuthOptA,AuthOptB,AuthAnswer,SP,pos,cheese shop owner,shopper,it’s only from Madison,madison,only,where is this cheese from?,SP > AD,p,neutral,9
8,d,target-08-madison-d-SP-neg-1,target-08-madison-d-SP-neg-2,target-08-madison-d-SP-neg-3,target-08-madison-d-SP-neg-4,InfoQ,InfoOptA,InfoOptB,InfoAnswer,BiasQ,BiasOptA,BiasOptB,BiasAnswer,AuthQ,AuthOptA,AuthOptB,AuthAnswer,SP,neg,cheese shop owner,shopper,it’s only from Madison,madison,only,where is this cheese from?,SP > AD,¬p,neutral,9
9,a,target-09-benadryl-a-AD-pos-1,target-09-benadryl-a-AD-pos-2,target-09-benadryl-a-AD-pos-3,target-09-benadryl-a-AD-pos-4,InfoQ,InfoOptA,InfoOptB,InfoAnswer,BiasQ,BiasOptA,BiasOptB,BiasAnswer,AuthQ,AuthOptA,AuthOptB,AuthAnswer,AD,pos,person on the right,pharmacist,even Benadryl would be bad,benadryl,even,what medicines can I give to my baby? / Is Benadryl bad for my baby?,AD > SP,p,positive,10
9,b,target-09-benadryl-b-AD-neg-1,target-09-benadryl-b-AD-neg-2,target-09-benadryl-b-AD-neg-3,target-09-benadryl-b-AD-neg-4,InfoQ,InfoOptA,InfoOptB,InfoAnswer,BiasQ,BiasOptA,BiasOptB,BiasAnswer,AuthQ,AuthOptA,AuthOptB,AuthAnswer,AD,neg,person on the right,pharmacist,even Benadryl would be bad,benadryl,even,what medicines can I give to my baby? / Is Benadryl bad for my baby?,AD > SP,¬p,positive,10
9,c,target-09-benadryl-c-SP-pos-1,target-09-benadryl-c-SP-pos-2,target-09-benadryl-c-SP-pos-3,target-09-benadryl-c-SP-pos-4,InfoQ,InfoOptA,InfoOptB,InfoAnswer,BiasQ,BiasOptA,BiasOptB,BiasAnswer,AuthQ,AuthOptA,AuthOptB,AuthAnswer,SP,pos,pharmacist,person on the right,even Benadryl would be bad,benadryl,even,what medicines can I give to my baby? / Is Benadryl bad for my baby?,SP > AD,p,neutral,10
9,d,target-09-benadryl-d-SP-neg-1,target-09-benadryl-d-SP-neg-2,target-09-benadryl-d-SP-neg-3,target-09-benadryl-d-SP-neg-4,InfoQ,InfoOptA,InfoOptB,InfoAnswer,BiasQ,BiasOptA,BiasOptB,BiasAnswer,AuthQ,AuthOptA,AuthOptB,AuthAnswer,SP,neg,pharmacist,person on the right,even Benadryl would be bad,benadryl,even,what medicines can I give to my baby? / Is Benadryl bad for my baby?,SP > AD,¬p,neutral,10
10,a,target-10-ramona-a-AD-pos-1,target-10-ramona-a-AD-pos-2,target-10-ramona-a-AD-pos-3,target-10-ramona-a-AD-pos-4,InfoQ,InfoOptA,InfoOptB,InfoAnswer,BiasQ,BiasOptA,BiasOptB,BiasAnswer,AuthQ,AuthOptA,AuthOptB,AuthAnswer,AD,pos,white hat,person with the phone call (black hat),it’s only Ramona there,ramona,only,who's at the store?,AD > SP,p,neutral,11
10,b,target-10-ramona-b-AD-neg-1,target-10-ramona-b-AD-neg-2,target-10-ramona-b-AD-neg-3,target-10-ramona-b-AD-neg-4,InfoQ,InfoOptA,InfoOptB,InfoAnswer,BiasQ,BiasOptA,BiasOptB,BiasAnswer,AuthQ,AuthOptA,AuthOptB,AuthAnswer,AD,neg,white hat,person with the phone call (black hat),it’s only Ramona there,ramona,only,who's at the store?,AD > SP,¬p,neutral,11
10,c,target-10-ramona-c-SP-pos-1,target-10-ramona-c-SP-pos-2,target-10-ramona-c-SP-pos-3,target-10-ramona-c-SP-pos-4,InfoQ,InfoOptA,InfoOptB,InfoAnswer,BiasQ,BiasOptA,BiasOptB,BiasAnswer,AuthQ,AuthOptA,AuthOptB,AuthAnswer,SP,pos,person with the phone call (white hat),black hat,it’s only Ramona there,ramona,only,who's at the store?,SP > AD,p,neutral,11
10,d,target-10-ramona-d-SP-neg-1,target-10-ramona-d-SP-neg-2,target-10-ramona-d-SP-neg-3,target-10-ramona-d-SP-neg-4,InfoQ,InfoOptA,InfoOptB,InfoAnswer,BiasQ,BiasOptA,BiasOptB,BiasAnswer,AuthQ,AuthOptA,AuthOptB,AuthAnswer,SP,neg,person with the phone call (white hat),black hat,it’s only Ramona there,ramona,only,who's at the store?,SP > AD,¬p,neutral,11
11,a,target-11-marble-a-AD-pos-1,target-11-marble-a-AD-pos-2,target-11-marble-a-AD-pos-3,target-11-marble-a-AD-pos-4,InfoQ,InfoOptA,InfoOptB,InfoAnswer,BiasQ,BiasOptA,BiasOptB,BiasAnswer,AuthQ,AuthOptA,AuthOptB,AuthAnswer,AD,pos,person on the right,salesperson,only marble is available,marble,only,what countertops are in stock?,AD > SP,p,neutral,12
11,b,target-11-marble-b-AD-neg-1,target-11-marble-b-AD-neg-2,target-11-marble-b-AD-neg-3,target-11-marble-b-AD-neg-4,InfoQ,InfoOptA,InfoOptB,InfoAnswer,BiasQ,BiasOptA,BiasOptB,BiasAnswer,AuthQ,AuthOptA,AuthOptB,AuthAnswer,AD,neg,person on the right,salesperson,only marble is available,marble,only,what countertops are in stock?,AD > SP,¬p,neutral,12
11,c,target-11-marble-c-SP-pos-1,target-11-marble-c-SP-pos-2,target-11-marble-c-SP-pos-3,target-11-marble-c-SP-pos-4,InfoQ,InfoOptA,InfoOptB,InfoAnswer,BiasQ,BiasOptA,BiasOptB,BiasAnswer,AuthQ,AuthOptA,AuthOptB,AuthAnswer,SP,pos,salesperson,person on the right,only marble is available,marble,only,what countertops are in stock?,SP > AD,p,neutral,12
11,d,target-11-marble-d-SP-neg-1,target-11-marble-d-SP-neg-2,target-11-marble-d-SP-neg-3,target-11-marble-d-SP-neg-4,InfoQ,InfoOptA,InfoOptB,InfoAnswer,BiasQ,BiasOptA,BiasOptB,BiasAnswer,AuthQ,AuthOptA,AuthOptB,AuthAnswer,SP,neg,salesperson,person on the right,only marble is available,marble,only,what countertops are in stock?,SP > AD,¬p,neutral,12
12,a,target-12-mammal-a-AD-pos-1,target-12-mammal-a-AD-pos-2,target-12-mammal-a-AD-pos-3,target-12-mammal-a-AD-pos-4,InfoQ,InfoOptA,InfoOptB,InfoAnswer,BiasQ,BiasOptA,BiasOptB,BiasAnswer,AuthQ,AuthOptA,AuthOptB,AuthAnswer,AD,pos,child,dad,even a mammal can lay eggs,mammal,even,what kinds of animals can lay eggs?,AD > SP,p,positive,13
12,b,target-12-mammal-b-AD-neg-1,target-12-mammal-b-AD-neg-2,target-12-mammal-b-AD-neg-3,target-12-mammal-b-AD-neg-4,InfoQ,InfoOptA,InfoOptB,InfoAnswer,BiasQ,BiasOptA,BiasOptB,BiasAnswer,AuthQ,AuthOptA,AuthOptB,AuthAnswer,AD,neg,child,dad,even a mammal can lay eggs,mammal,even,what kinds of animals can lay eggs?,AD > SP,¬p,positive,13
12,c,target-12-mammal-c-SP-pos-1,target-12-mammal-c-SP-pos-2,target-12-mammal-c-SP-pos-3,target-12-mammal-c-SP-pos-4,InfoQ,InfoOptA,InfoOptB,InfoAnswer,BiasQ,BiasOptA,BiasOptB,BiasAnswer,AuthQ,AuthOptA,AuthOptB,AuthAnswer,SP,pos,dad,child,even a mammal can lay eggs,mammal,even,what kinds of animals can lay eggs?,SP > AD,p,neutral/positive,13
12,d,target-12-mammal-d-SP-neg-1,target-12-mammal-d-SP-neg-2,target-12-mammal-d-SP-neg-3,target-12-mammal-d-SP-neg-4,InfoQ,InfoOptA,InfoOptB,InfoAnswer,BiasQ,BiasOptA,BiasOptB,BiasAnswer,AuthQ,AuthOptA,AuthOptB,AuthAnswer,SP,neg,dad,child,even a mammal can lay eggs,mammal,even,what kinds of animals can lay eggs?,SP > AD,¬p,neutral/positive,13
13,a,target-13-lemonade-a-AD-pos-1,target-13-lemonade-a-AD-pos-2,target-13-lemonade-a-AD-pos-3,target-13-lemonade-a-AD-pos-4,InfoQ,InfoOptA,InfoOptB,InfoAnswer,BiasQ,BiasOptA,BiasOptB,BiasAnswer,AuthQ,AuthOptA,AuthOptB,AuthAnswer,AD,pos,person with menu,server,even the lemonade doesn’t have any,lemonade,even,what drinks are sugar free?,AD > SP,p,positive,14
13,b,target-13-lemonade-b-AD-neg-1,target-13-lemonade-b-AD-neg-2,target-13-lemonade-b-AD-neg-3,target-13-lemonade-b-AD-neg-4,InfoQ,InfoOptA,InfoOptB,InfoAnswer,BiasQ,BiasOptA,BiasOptB,BiasAnswer,AuthQ,AuthOptA,AuthOptB,AuthAnswer,AD,neg,person with menu,server,even the lemonade doesn’t have any,lemonade,even,what drinks are sugar free?,AD > SP,¬p,positive,14
13,c,target-13-lemonade-c-SP-pos-1,target-13-lemonade-c-SP-pos-2,target-13-lemonade-c-SP-pos-3,target-13-lemonade-c-SP-pos-4,InfoQ,InfoOptA,InfoOptB,InfoAnswer,BiasQ,BiasOptA,BiasOptB,BiasAnswer,AuthQ,AuthOptA,AuthOptB,AuthAnswer,SP,pos,server,person with menu,even the lemonade doesn’t have any,lemonade,even,what drinks are sugar free?,SP > AD,p,neutral,14
13,d,target-13-lemonade-d-SP-neg-1,target-13-lemonade-d-SP-neg-2,target-13-lemonade-d-SP-neg-3,target-13-lemonade-d-SP-neg-4,InfoQ,InfoOptA,InfoOptB,InfoAnswer,BiasQ,BiasOptA,BiasOptB,BiasAnswer,AuthQ,AuthOptA,AuthOptB,AuthAnswer,SP,neg,server,person with menu,even the lemonade doesn’t have any,lemonade,even,what drinks are sugar free?,SP > AD,¬p,neutral,14
14,a,target-14-uranium-a-AD-pos-1,target-14-uranium-a-AD-pos-2,target-14-uranium-a-AD-pos-3,target-14-uranium-a-AD-pos-4,InfoQ,InfoOptA,InfoOptB,InfoAnswer,BiasQ,BiasOptA,BiasOptB,BiasAnswer,AuthQ,AuthOptA,AuthOptB,AuthAnswer,AD,pos,circle head,rectangle head,there’s only Uranium in it,uranium,only,Is this sample pure uranium? / What’s in this sample?,AD > SP,p,positive,15
14,b,target-14-uranium-b-AD-neg-1,target-14-uranium-b-AD-neg-2,target-14-uranium-b-AD-neg-3,target-14-uranium-b-AD-neg-4,InfoQ,InfoOptA,InfoOptB,InfoAnswer,BiasQ,BiasOptA,BiasOptB,BiasAnswer,AuthQ,AuthOptA,AuthOptB,AuthAnswer,AD,neg,circle head,rectangle head,there’s only Uranium in it,uranium,only,Is this sample pure uranium? / What’s in this sample?,AD > SP,¬p,positive,15
14,c,target-14-uranium-c-SP-pos-1,target-14-uranium-c-SP-pos-2,target-14-uranium-c-SP-pos-3,target-14-uranium-c-SP-pos-4,InfoQ,InfoOptA,InfoOptB,InfoAnswer,BiasQ,BiasOptA,BiasOptB,BiasAnswer,AuthQ,AuthOptA,AuthOptB,AuthAnswer,SP,pos,circle head,rectangle head,there’s only Uranium in it,uranium,only,Is this sample pure uranium? / What’s in this sample?,SP > AD,p,neutral,15
14,d,target-14-uranium-d-SP-neg-1,target-14-uranium-d-SP-neg-2,target-14-uranium-d-SP-neg-3,target-14-uranium-d-SP-neg-4,InfoQ,InfoOptA,InfoOptB,InfoAnswer,BiasQ,BiasOptA,BiasOptB,BiasAnswer,AuthQ,AuthOptA,AuthOptB,AuthAnswer,SP,neg,circle head,rectangle head,there’s only Uranium in it,uranium,only,Is this sample pure uranium? / What’s in this sample?,SP > AD,¬p,neutral,15
skip,a,target-skip-malawi-a-AD-pos-1,target-skip-malawi-a-AD-pos-2,target-skip-malawi-a-AD-pos-3,target-skip-malawi-a-AD-pos-4,InfoQ,InfoOptA,InfoOptB,InfoAnswer,BiasQ,BiasOptA,BiasOptB,BiasAnswer,AuthQ,AuthOptA,AuthOptB,AuthAnswer,AD,pos,child,parent,only Malawi has a sun,malawi,only,which country's flags have a sun on them?,AD > SP,p,positive,16
skip,b,target-skip-malawi-b-AD-neg-1,target-skip-malawi-b-AD-neg-2,target-skip-malawi-b-AD-neg-3,target-skip-malawi-b-AD-neg-4,InfoQ,InfoOptA,InfoOptB,InfoAnswer,BiasQ,BiasOptA,BiasOptB,BiasAnswer,AuthQ,AuthOptA,AuthOptB,AuthAnswer,AD,neg,child,parent,only Malawi has a sun,malawi,only,which country's flags have a sun on them?,AD > SP,¬p,positive,16
skip,c,target-skip-malawi-c-SP-pos-1,target-skip-malawi-c-SP-pos-2,target-skip-malawi-c-SP-pos-3,target-skip-malawi-c-SP-pos-4,InfoQ,InfoOptA,InfoOptB,InfoAnswer,BiasQ,BiasOptA,BiasOptB,BiasAnswer,AuthQ,AuthOptA,AuthOptB,AuthAnswer,SP,pos,parent,child,only Malawi has a sun,malawi,only,which country's flags have a sun on them?,SP > AD,p,neutral,16
skip,d,target-skip-malawi-d-SP-neg-1,target-skip-malawi-d-SP-neg-2,target-skip-malawi-d-SP-neg-3,target-skip-malawi-d-SP-neg-4,InfoQ,InfoOptA,InfoOptB,InfoAnswer,BiasQ,BiasOptA,BiasOptB,BiasAnswer,AuthQ,AuthOptA,AuthOptB,AuthAnswer,SP,neg,parent,child,only Malawi has a sun,malawi,only,which country's flags have a sun on them?,SP > AD,¬p,neutral,16
15,a,target-15-labradoodle-a-AD-pos-1,target-15-labradoodle-a-AD-pos-2,target-15-labradoodle-a-AD-pos-3,target-15-labradoodle-a-AD-pos-4,InfoQ,InfoOptA,InfoOptB,InfoAnswer,BiasQ,BiasOptA,BiasOptB,BiasAnswer,AuthQ,AuthOptA,AuthOptB,AuthAnswer,AD,pos,smaller person (right),nametag person (left),there is only a labradoodle available now,labradoodle,only,which dog breeds are available for adoption?,AD > SP,p,positive,17
15,b,target-15-labradoodle-b-AD-neg-1,target-15-labradoodle-b-AD-neg-2,target-15-labradoodle-b-AD-neg-3,target-15-labradoodle-b-AD-neg-4,InfoQ,InfoOptA,InfoOptB,InfoAnswer,BiasQ,BiasOptA,BiasOptB,BiasAnswer,AuthQ,AuthOptA,AuthOptB,AuthAnswer,AD,neg,smaller person (right),nametag person (left),there is only a labradoodle available now,labradoodle,only,which dog breeds are available for adoption?,AD > SP,¬p,positive,17
15,c,target-15-labradoodle-c-SP-pos-1,target-15-labradoodle-c-SP-pos-2,target-15-labradoodle-c-SP-pos-3,target-15-labradoodle-c-SP-pos-4,InfoQ,InfoOptA,InfoOptB,InfoAnswer,BiasQ,BiasOptA,BiasOptB,BiasAnswer,AuthQ,AuthOptA,AuthOptB,AuthAnswer,SP,pos,nametag person (left),smaller person (right),there is only a labradoodle available now,labradoodle,only,which dog breeds are available for adoption?,SP > AD,p,…,17
15,d,target-15-labradoodle-d-SP-neg-1,target-15-labradoodle-d-SP-neg-2,target-15-labradoodle-d-SP-neg-3,target-15-labradoodle-d-SP-neg-4,InfoQ,InfoOptA,InfoOptB,InfoAnswer,BiasQ,BiasOptA,BiasOptB,BiasAnswer,AuthQ,AuthOptA,AuthOptB,AuthAnswer,SP,neg,nametag person (left),smaller person (right),there is only a labradoodle available now,labradoodle,only,which dog breeds are available for adoption?,SP > AD,¬p,…,17
16,a,target-16-marmalade-a-AD-pos-1,target-16-marmalade-a-AD-pos-2,target-16-marmalade-a-AD-pos-3,target-16-marmalade-a-AD-pos-4,InfoQ,InfoOptA,InfoOptB,InfoAnswer,BiasQ,BiasOptA,BiasOptB,BiasAnswer,AuthQ,AuthOptA,AuthOptB,AuthAnswer,AD,pos,person on right,person with laptop,even marmalade has some,marmalade,even,what fruit-type foods have fiber?,AD > SP,p,positive,18
16,b,target-16-marmalade-b-AD-neg-1,target-16-marmalade-b-AD-neg-2,target-16-marmalade-b-AD-neg-3,target-16-marmalade-b-AD-neg-4,InfoQ,InfoOptA,InfoOptB,InfoAnswer,BiasQ,BiasOptA,BiasOptB,BiasAnswer,AuthQ,AuthOptA,AuthOptB,AuthAnswer,AD,neg,person on right,person with laptop,even marmalade has some,marmalade,even,what fruit-type foods have fiber?,AD > SP,¬p,positive,18
16,c,target-16-marmalade-c-SP-pos-1,target-16-marmalade-c-SP-pos-2,target-16-marmalade-c-SP-pos-3,target-16-marmalade-c-SP-pos-4,InfoQ,InfoOptA,InfoOptB,InfoAnswer,BiasQ,BiasOptA,BiasOptB,BiasAnswer,AuthQ,AuthOptA,AuthOptB,AuthAnswer,SP,pos,person with laptop,person on right,even marmalade has some,marmalade,even,what fruit-type foods have fiber?,SP > AD,p,positive,18
16,d,target-16-marmalade-d-SP-neg-1,target-16-marmalade-d-SP-neg-2,target-16-marmalade-d-SP-neg-3,target-16-marmalade-d-SP-neg-4,InfoQ,InfoOptA,InfoOptB,InfoAnswer,BiasQ,BiasOptA,BiasOptB,BiasAnswer,AuthQ,AuthOptA,AuthOptB,AuthAnswer,SP,neg,person with laptop,person on right,even marmalade has some,marmalade,even,what fruit-type foods have fiber?,SP > AD,¬p,???,18
17,a,target-17-amaretto-a-AD-pos-1,target-17-amaretto-a-AD-pos-2,target-17-amaretto-a-AD-pos-3,target-17-amaretto-a-AD-pos-4,InfoQ,InfoOptA,InfoOptB,InfoAnswer,BiasQ,BiasOptA,BiasOptB,BiasAnswer,AuthQ,AuthOptA,AuthOptB,AuthAnswer,AD,pos,customer,liquor salesman behind the counter,only the amaretto is nutty,amaretto,only,which liqueurs have nutty flavors?,AD > SP,p,positivel,19
17,b,target-17-amaretto-b-AD-neg-1,target-17-amaretto-b-AD-neg-2,target-17-amaretto-b-AD-neg-3,target-17-amaretto-b-AD-neg-4,InfoQ,InfoOptA,InfoOptB,InfoAnswer,BiasQ,BiasOptA,BiasOptB,BiasAnswer,AuthQ,AuthOptA,AuthOptB,AuthAnswer,AD,neg,customer,liquor salesman behind the counter,only the amaretto is nutty,amaretto,only,which liqueurs have nutty flavors?,AD > SP,¬p,positive,19
17,c,target-17-amaretto-c-SP-pos-1,target-17-amaretto-c-SP-pos-2,target-17-amaretto-c-SP-pos-3,target-17-amaretto-c-SP-pos-4,InfoQ,InfoOptA,InfoOptB,InfoAnswer,BiasQ,BiasOptA,BiasOptB,BiasAnswer,AuthQ,AuthOptA,AuthOptB,AuthAnswer,SP,pos,liquor salesman behind the counter,customer,only the amaretto is nutty,amaretto,only,which liqueurs have nutty flavors?,SP > AD,p,neutral,19
17,d,target-17-amaretto-d-SP-neg-1,target-17-amaretto-d-SP-neg-2,target-17-amaretto-d-SP-neg-3,target-17-amaretto-d-SP-neg-4,InfoQ,InfoOptA,InfoOptB,InfoAnswer,BiasQ,BiasOptA,BiasOptB,BiasAnswer,AuthQ,AuthOptA,AuthOptB,AuthAnswer,SP,neg,liquor salesman behind the counter,customer,only the amaretto is nutty,amaretto,only,which liqueurs have nutty flavors?,SP > AD,¬p,neutral,19
18,a,target-18-linen-a-AD-pos-1,target-18-linen-a-AD-pos-2,target-18-linen-a-AD-pos-3,target-18-linen-a-AD-pos-4,InfoQ,InfoOptA,InfoOptB,InfoAnswer,BiasQ,BiasOptA,BiasOptB,BiasAnswer,AuthQ,AuthOptA,AuthOptB,AuthAnswer,AD,pos,person on the right,balding person on the left,only the linen needs it,linen,only,which clothes require dry cleaning?,AD > SP,p,positive,22
18,b,target-18-linen-b-AD-neg-1,target-18-linen-b-AD-neg-2,target-18-linen-b-AD-neg-3,target-18-linen-b-AD-neg-4,InfoQ,InfoOptA,InfoOptB,InfoAnswer,BiasQ,BiasOptA,BiasOptB,BiasAnswer,AuthQ,AuthOptA,AuthOptB,AuthAnswer,AD,neg,person on the right,balding person on the left,only the linen needs it,linen,only,which clothes require dry cleaning?,AD > SP,¬p,positive,22
18,c,target-18-linen-c-SP-pos-1,target-18-linen-c-SP-pos-2,target-18-linen-c-SP-pos-3,target-18-linen-c-SP-pos-4,InfoQ,InfoOptA,InfoOptB,InfoAnswer,BiasQ,BiasOptA,BiasOptB,BiasAnswer,AuthQ,AuthOptA,AuthOptB,AuthAnswer,SP,pos,balding person on the left,person on the right,only the linen needs it,linen,only,which clothes require dry cleaning?,SP > AD,p,positive,22
18,d,target-18-linen-d-SP-neg-1,target-18-linen-d-SP-neg-2,target-18-linen-d-SP-neg-3,target-18-linen-d-SP-neg-4,InfoQ,InfoOptA,InfoOptB,InfoAnswer,BiasQ,BiasOptA,BiasOptB,BiasAnswer,AuthQ,AuthOptA,AuthOptB,AuthAnswer,SP,neg,balding person on the left,person on the right,only the linen needs it,linen,only,which clothes require dry cleaning?,SP > AD,¬p,positive,22
19,a,target-19-viola-a-AD-pos-1,target-19-viola-a-AD-pos-2,target-19-viola-a-AD-pos-3,target-19-viola-a-AD-pos-4,InfoQ,InfoOptA,InfoOptB,InfoAnswer,BiasQ,BiasOptA,BiasOptB,BiasAnswer,AuthQ,AuthOptA,AuthOptB,AuthAnswer,AD,pos,suit on the right,person on the left,there’s even a viola in the band,viola,even,which violin-looking instruments are in the band?,AD > SP,p,positive,23
19,b,target-19-viola-b-AD-neg-1,target-19-viola-b-AD-neg-2,target-19-viola-b-AD-neg-3,target-19-viola-b-AD-neg-4,InfoQ,InfoOptA,InfoOptB,InfoAnswer,BiasQ,BiasOptA,BiasOptB,BiasAnswer,AuthQ,AuthOptA,AuthOptB,AuthAnswer,AD,neg,suit on the right,person on the left,there’s even a viola in the band,viola,even,which violin-looking instruments are in the band?,AD > SP,¬p,positive,23
19,c,target-19-viola-c-SP-pos-1,target-19-viola-c-SP-pos-2,target-19-viola-c-SP-pos-3,target-19-viola-c-SP-pos-4,InfoQ,InfoOptA,InfoOptB,InfoAnswer,BiasQ,BiasOptA,BiasOptB,BiasAnswer,AuthQ,AuthOptA,AuthOptB,AuthAnswer,SP,pos,person on the left,suit on the right,there’s even a viola in the band,viola,even,which violin-looking instruments are in the band?,SP > AD,p,positive,23
19,d,target-19-viola-d-SP-neg-1,target-19-viola-d-SP-neg-2,target-19-viola-d-SP-neg-3,target-19-viola-d-SP-neg-4,InfoQ,InfoOptA,InfoOptB,InfoAnswer,BiasQ,BiasOptA,BiasOptB,BiasAnswer,AuthQ,AuthOptA,AuthOptB,AuthAnswer,SP,neg,person on the left,suit on the right,there’s even a viola in the band,viola,even,which violin-looking instruments are in the band?,SP > AD,¬p,positive,23
20,a,target-20-norwegian-a-AD-pos-1,target-20-norwegian-a-AD-pos-2,target-20-norwegian-a-AD-pos-3,target-20-norwegian-a-AD-pos-4,InfoQ,InfoOptA,InfoOptB,InfoAnswer,BiasQ,BiasOptA,BiasOptB,BiasAnswer,AuthQ,AuthOptA,AuthOptB,AuthAnswer,AD,pos,person on the right,glasses,only Norwegian uses that letter,norwegian,only,which language is this book written in?,AD > SP,p,neutral,24
20,b,target-20-norwegian-b-AD-neg-1,target-20-norwegian-b-AD-neg-2,target-20-norwegian-b-AD-neg-3,target-20-norwegian-b-AD-neg-4,InfoQ,InfoOptA,InfoOptB,InfoAnswer,BiasQ,BiasOptA,BiasOptB,BiasAnswer,AuthQ,AuthOptA,AuthOptB,AuthAnswer,AD,neg,person on the right,glasses,only Norwegian uses that letter,norwegian,only,which language is this book written in?,AD > SP,¬p,neutral,24
20,c,target-20-norwegian-c-SP-pos-1,target-20-norwegian-c-SP-pos-2,target-20-norwegian-c-SP-pos-3,target-20-norwegian-c-SP-pos-4,InfoQ,InfoOptA,InfoOptB,InfoAnswer,BiasQ,BiasOptA,BiasOptB,BiasAnswer,AuthQ,AuthOptA,AuthOptB,AuthAnswer,SP,pos,glasses,person on the right,only Norwegian uses that letter,norwegian,only,which language is this book written in?,SP > AD,p,positive,24
20,d,target-20-norwegian-d-SP-neg-1,target-20-norwegian-d-SP-neg-2,target-20-norwegian-d-SP-neg-3,target-20-norwegian-d-SP-neg-4,InfoQ,InfoOptA,InfoOptB,InfoAnswer,BiasQ,BiasOptA,BiasOptB,BiasAnswer,AuthQ,AuthOptA,AuthOptB,AuthAnswer,SP,neg,glasses,person on the right,only Norwegian uses that letter,norwegian,only,which language is this book written in?,SP > AD,¬p,positive,24
21,a,target-21-american-a-AD-pos-1,target-21-american-a-AD-pos-2,target-21-american-a-AD-pos-3,target-21-american-a-AD-pos-4,InfoQ,InfoOptA,InfoOptB,InfoAnswer,BiasQ,BiasOptA,BiasOptB,BiasAnswer,AuthQ,AuthOptA,AuthOptB,AuthAnswer,AD,pos,person on right,suit and tie,it’s even an American dilemma,american,even,how does America compare to the rest of the world for election security?,AD > SP,p,positive,25
21,b,target-21-american-b-AD-neg-1,target-21-american-b-AD-neg-2,target-21-american-b-AD-neg-3,target-21-american-b-AD-neg-4,InfoQ,InfoOptA,InfoOptB,InfoAnswer,BiasQ,BiasOptA,BiasOptB,BiasAnswer,AuthQ,AuthOptA,AuthOptB,AuthAnswer,AD,neg,person on right,suit and tie,it’s even an American dilemma,american,even,how does America compare to the rest of the world for election security?,AD > SP,¬p,positive,25
21,c,target-21-american-c-SP-pos-1,target-21-american-c-SP-pos-2,target-21-american-c-SP-pos-3,target-21-american-c-SP-pos-4,InfoQ,InfoOptA,InfoOptB,InfoAnswer,BiasQ,BiasOptA,BiasOptB,BiasAnswer,AuthQ,AuthOptA,AuthOptB,AuthAnswer,SP,pos,suit and tie,person on right,it’s even an American dilemma,american,even,how does America compare to the rest of the world for election security?,SP > AD,p,neutral,25
21,d,target-21-american-d-SP-neg-1,target-21-american-d-SP-neg-2,target-21-american-d-SP-neg-3,target-21-american-d-SP-neg-4,InfoQ,InfoOptA,InfoOptB,InfoAnswer,BiasQ,BiasOptA,BiasOptB,BiasAnswer,AuthQ,AuthOptA,AuthOptB,AuthAnswer,SP,neg,suit and tie,person on right,it’s even an American dilemma,american,even,how does America compare to the rest of the world for election security?,SP > AD,¬p,neutral,25
22,a,target-22-nebula-a-AD-pos-1,target-22-nebula-a-AD-pos-2,target-22-nebula-a-AD-pos-3,target-22-nebula-a-AD-pos-4,InfoQ,InfoOptA,InfoOptB,InfoAnswer,BiasQ,BiasOptA,BiasOptB,BiasAnswer,AuthQ,AuthOptA,AuthOptB,AuthAnswer,AD,pos,telescope person,person on the right,even a nebula shows up,nebula,even,what can you see with a telescope? / Can you see things other than bright starts with a telescope?,AD > SP,p,positive,26
22,b,target-22-nebula-b-AD-neg-1,target-22-nebula-b-AD-neg-2,target-22-nebula-b-AD-neg-3,target-22-nebula-b-AD-neg-4,InfoQ,InfoOptA,InfoOptB,InfoAnswer,BiasQ,BiasOptA,BiasOptB,BiasAnswer,AuthQ,AuthOptA,AuthOptB,AuthAnswer,AD,neg,telescope person,person on the right,even a nebula shows up,nebula,even,what can you see with a telescope? / Can you see things other than bright starts with a telescope?,AD > SP,¬p,positive,26
22,c,target-22-nebula-c-SP-pos-1,target-22-nebula-c-SP-pos-2,target-22-nebula-c-SP-pos-3,target-22-nebula-c-SP-pos-4,InfoQ,InfoOptA,InfoOptB,InfoAnswer,BiasQ,BiasOptA,BiasOptB,BiasAnswer,AuthQ,AuthOptA,AuthOptB,AuthAnswer,SP,pos,person on the right,telescope person,even a nebula shows up,nebula,even,what can you see with a telescope? / Can you see things other than bright starts with a telescope?,SP > AD,p,neutral,26
22,d,target-22-nebula-d-SP-neg-1,target-22-nebula-d-SP-neg-2,target-22-nebula-d-SP-neg-3,target-22-nebula-d-SP-neg-4,InfoQ,InfoOptA,InfoOptB,InfoAnswer,BiasQ,BiasOptA,BiasOptB,BiasAnswer,AuthQ,AuthOptA,AuthOptB,AuthAnswer,SP,neg,person on the right,telescope person,even a nebula shows up,nebula,even,what can you see with a telescope? / Can you see things other than bright starts with a telescope?,SP > AD,¬p,neutral,26
23,a,target-23-yo-yo-a-AD-pos-1,target-23-yo-yo-a-AD-pos-2,target-23-yo-yo-a-AD-pos-3,target-23-yo-yo-a-AD-pos-4,InfoQ,InfoOptA,InfoOptB,InfoAnswer,BiasQ,BiasOptA,BiasOptB,BiasAnswer,AuthQ,AuthOptA,AuthOptB,AuthAnswer,AD,pos,person on the right,person on the left,even a yo-yo isn’t allowed,yo-yo,even,what is my son not allowed to bring to school?,AD > SP,p,positive,27
23,b,target-23-yo-yo-b-AD-neg-1,target-23-yo-yo-b-AD-neg-2,target-23-yo-yo-b-AD-neg-3,target-23-yo-yo-b-AD-neg-4,InfoQ,InfoOptA,InfoOptB,InfoAnswer,BiasQ,BiasOptA,BiasOptB,BiasAnswer,AuthQ,AuthOptA,AuthOptB,AuthAnswer,AD,neg,person on the right,person on the left,even a yo-yo isn’t allowed,yo-yo,even,what is my son not allowed to bring to school?,AD > SP,¬p,positive,27
23,c,target-23-yo-yo-c-SP-pos-1,target-23-yo-yo-c-SP-pos-2,target-23-yo-yo-c-SP-pos-3,target-23-yo-yo-c-SP-pos-4,InfoQ,InfoOptA,InfoOptB,InfoAnswer,BiasQ,BiasOptA,BiasOptB,BiasAnswer,AuthQ,AuthOptA,AuthOptB,AuthAnswer,SP,pos,person on the left,person on the right,even a yo-yo isn’t allowed,yo-yo,even,what is my son not allowed to bring to school?,SP > AD,p,neutral,27
23,d,target-23-yo-yo-d-SP-neg-1,target-23-yo-yo-d-SP-neg-2,target-23-yo-yo-d-SP-neg-3,target-23-yo-yo-d-SP-neg-4,InfoQ,InfoOptA,InfoOptB,InfoAnswer,BiasQ,BiasOptA,BiasOptB,BiasAnswer,AuthQ,AuthOptA,AuthOptB,AuthAnswer,SP,neg,person on the left,person on the right,even a yo-yo isn’t allowed,yo-yo,even,what is my son not allowed to bring to school?,SP > AD,¬p,neutral,27
24,a,target-24-aloe-a-AD-pos-1,target-24-aloe-a-AD-pos-2,target-24-aloe-a-AD-pos-3,target-24-aloe-a-AD-pos-4,InfoQ,InfoOptA,InfoOptB,InfoAnswer,BiasQ,BiasOptA,BiasOptB,BiasAnswer,AuthQ,AuthOptA,AuthOptB,AuthAnswer,AD,pos,circle head,farmer,even aloe isn’t related to it,aloe,even,Is aloe related to agave?,AD > SP,p,positive,29
24,b,target-24-aloe-b-AD-neg-1,target-24-aloe-b-AD-neg-2,target-24-aloe-b-AD-neg-3,target-24-aloe-b-AD-neg-4,InfoQ,InfoOptA,InfoOptB,InfoAnswer,BiasQ,BiasOptA,BiasOptB,BiasAnswer,AuthQ,AuthOptA,AuthOptB,AuthAnswer,AD,neg,circle head,farmer,even aloe isn’t related to it,aloe,even,Is aloe related to agave?,AD > SP,¬p,positive,29
24,c,target-24-aloe-c-SP-pos-1,target-24-aloe-c-SP-pos-2,target-24-aloe-c-SP-pos-3,target-24-aloe-c-SP-pos-4,InfoQ,InfoOptA,InfoOptB,InfoAnswer,BiasQ,BiasOptA,BiasOptB,BiasAnswer,AuthQ,AuthOptA,AuthOptB,AuthAnswer,SP,pos,farmer,circle head,even aloe isn’t related to it,aloe,even,Is aloe related to agave?,SP > AD,p,neutral,29
24,d,target-24-aloe-d-SP-neg-1,target-24-aloe-d-SP-neg-2,target-24-aloe-d-SP-neg-3,target-24-aloe-d-SP-neg-4,InfoQ,InfoOptA,InfoOptB,InfoAnswer,BiasQ,BiasOptA,BiasOptB,BiasAnswer,AuthQ,AuthOptA,AuthOptB,AuthAnswer,SP,neg,farmer,circle head,even aloe isn’t related to it,aloe,even,Is aloe related to agave?,SP > AD,¬p,neutral,29